{
  "heater_mw": 0.0,
  "score": -112.50947169633974,
  "ber": 0.11328125,
  "observations": 22.0
}
