channel,wavelength_nm,rx_optical_power_dbm,ber,q_factor_eye,crosstalk_power_ratio,crosstalk_penalty_factor,crosstalk_penalty_db,dispersion_band_skew_ui
0.0,1309.1413559843456,-6.829245389208208,0.12687874482210548,0.988568829639384,0.004777286046641931,1.0477728604664194,0.20267145111810542,0.0
1.0,1309.7137853281151,-6.830599343731531,0.03386257830675734,1.49239184814574,0.008360250581623485,1.0836025058162349,0.3487000066244583,0.0
2.0,1310.2862146718849,-6.831952646646068,0.14391595780371869,0.8484658367128317,0.008360250581623485,1.0836025058162349,0.3487000066244583,0.0
3.0,1310.8586440156544,-6.833305298100459,0.14325019576689327,0.7958100888575739,0.004777286046641931,1.0477728604664194,0.20267145111810542,0.0
