channel,wavelength_nm,rx_optical_power_dbm,ber,q_factor_eye,crosstalk_power_ratio,crosstalk_penalty_db,dispersion_ui
0.0,1309.1413559843456,-6.829245389208209,0.12687874482210548,0.989605004395596,0.004777286046641931,0.020698088611707625,0.0
1.0,1309.7137853281151,-6.8305993437315315,0.02962975601841267,1.4879429720797597,0.008360250581623485,0.036157175148140486,0.0
2.0,1310.2862146718849,-6.831952646646068,0.14391595780371869,0.8529948266267505,0.008360250581623485,0.036157175148140486,0.0
3.0,1310.8586440156544,-6.833305298100459,0.14325019576689327,0.801769845334505,0.004777286046641931,0.020698088611707625,0.0
