sample,ber,q_factor_eye,pass
0.0,0.1171875,1.021345584836897,0.0
1.0,0.18359375,0.5658994176210707,0.0
2.0,0.16015625,0.5415119138214596,0.0
3.0,0.15234375,0.8037255080799205,0.0
4.0,0.1328125,0.9857319479641511,0.0
5.0,0.2265625,0.8948369052736282,0.0
6.0,0.26171875,0.22872888446663586,0.0
7.0,0.14453125,0.6164089414638989,0.0
